{"reziduum_atlag": -28.8900270350013, "reziduum_std": 233.87355388403392}